{
  "generator-jhipster": {
    "applicationType": "microservice",
    "authenticationType": "jwt",
    "baseName": "SobeAquiJHipster",
    "buildTool": "maven",
    "cacheProvider": "no",
    "clientFramework": "no",
    "creationTimestamp": 1701364788223,
    "databaseType": "sql",
    "devDatabaseType": "postgresql",
    "dtoSuffix": "DTO",
    "enableGradleEnterprise": null,
    "enableHibernateCache": false,
    "enableSwaggerCodegen": false,
    "enableTranslation": false,
    "entities": ["FeeList", "FeeListTransaction", "Invoice", "Transaction", "TransactionHistory"],
    "entitySuffix": "",
    "gradleEnterpriseHost": null,
    "jhiPrefix": "jhi",
    "jhipsterVersion": "8.0.0-beta.2",
    "jwtSecretKey": "OTc0MzMzZDEzMDQwMzdhMDYwODNlYThjNjJhYWMzNGVmOTgzOTZjMjNlNTA3NmI0Y2ZjMWYzMWVmMGIxNGQ2NDk4MWIyOTdkMGJkZjJkZjUxMjA0Mjg4NWM3ODE5YTMzMGI2YjY4NWE0NjllNDJlZDMyNmNmNWI0YWZmOTczNmM=",
    "lastLiquibaseTimestamp": 1701368848000,
    "messageBroker": false,
    "microfrontend": false,
    "microfrontends": [],
    "nativeLanguage": "pt-br",
    "packageFolder": "com/mycompany/myapp",
    "packageName": "com.mycompany.myapp",
    "pages": [],
    "prodDatabaseType": "postgresql",
    "reactive": false,
    "searchEngine": false,
    "serverPort": 8081,
    "serverSideOptions": [],
    "serviceDiscoveryType": "no",
    "skipCheckLengthOfIdentifier": false,
    "skipClient": true,
    "skipFakeData": false,
    "skipUserManagement": true,
    "testFrameworks": [],
    "websocket": "no",
    "withAdminUi": false
  }
}
