<?xml version="1.0" encoding="utf-8"?>
<databaseChangeLog
    xmlns="http://www.liquibase.org/xml/ns/dbchangelog"
    xmlns:ext="http://www.liquibase.org/xml/ns/dbchangelog-ext"
    xmlns:xsi="http://www.w3.org/2001/XMLSchema-instance"
    xsi:schemaLocation="http://www.liquibase.org/xml/ns/dbchangelog http://www.liquibase.org/xml/ns/dbchangelog/dbchangelog-latest.xsd
                        http://www.liquibase.org/xml/ns/dbchangelog-ext http://www.liquibase.org/xml/ns/dbchangelog/dbchangelog-ext.xsd">

    <!--
        Added the entity Transaction.
    -->
    <changeSet id="20231130182727-1" author="jhipster">
        <createTable tableName="transaction">
            <column name="id" type="bigint">
                <constraints primaryKey="true" nullable="false"/>
            </column>
            <column name="payment_forecast" type="double">
                <constraints nullable="true" />
            </column>
            <column name="our_number" type="varchar(255)">
                <constraints nullable="true" />
            </column>
            <column name="due_date" type="date">
                <constraints nullable="true" />
            </column>
            <column name="transaction_status" type="varchar(255)">
                <constraints nullable="true" />
            </column>
            <column name="observation" type="varchar(255)">
                <constraints nullable="true" />
            </column>
            <column name="creation_date" type="date">
                <constraints nullable="true" />
            </column>
            <column name="deletion_date" type="date">
                <constraints nullable="true" />
            </column>
            <!-- jhipster-needle-liquibase-add-column - JHipster will add columns here -->
        </createTable>
    </changeSet>

    <!-- jhipster-needle-liquibase-add-changeset - JHipster will add changesets here -->

    <!--
        Load sample data generated with Faker.js
        - This data can be easily edited using a CSV editor (or even MS Excel) and
          is located in the 'src/main/resources/config/liquibase/fake-data' directory
        - By default this data is applied when running with the JHipster 'dev' profile.
          This can be customized by adding or removing 'faker' in the 'spring.liquibase.contexts'
          Spring Boot configuration key.
    -->
    <changeSet id="20231130182727-1-data" author="jhipster" context="faker">
        <loadData
                  file="config/liquibase/fake-data/transaction.csv"
                  separator=";"
                  tableName="transaction"
                  usePreparedStatements="true">
            <column name="id" type="numeric"/>
            <column name="payment_forecast" type="numeric"/>
            <column name="our_number" type="string"/>
            <column name="due_date" type="date"/>
            <column name="transaction_status" type="string"/>
            <column name="observation" type="string"/>
            <column name="creation_date" type="date"/>
            <column name="deletion_date" type="date"/>
            <!-- jhipster-needle-liquibase-add-loadcolumn - JHipster (and/or extensions) can add load columns here -->
        </loadData>
    </changeSet>
</databaseChangeLog>
