<?xml version="1.0" encoding="utf-8"?>
<databaseChangeLog
    xmlns="http://www.liquibase.org/xml/ns/dbchangelog"
    xmlns:ext="http://www.liquibase.org/xml/ns/dbchangelog-ext"
    xmlns:xsi="http://www.w3.org/2001/XMLSchema-instance"
    xsi:schemaLocation="http://www.liquibase.org/xml/ns/dbchangelog http://www.liquibase.org/xml/ns/dbchangelog/dbchangelog-latest.xsd
                        http://www.liquibase.org/xml/ns/dbchangelog-ext http://www.liquibase.org/xml/ns/dbchangelog/dbchangelog-ext.xsd">

    <!--
        Added the entity FeeList.
    -->
    <changeSet id="20231130182724-1" author="jhipster">
        <createTable tableName="fee_list">
            <column name="id" type="bigint">
                <constraints primaryKey="true" nullable="false"/>
            </column>
            <column name="document_type" type="varchar(255)">
                <constraints nullable="true" />
            </column>
            <column name="document_number" type="varchar(255)">
                <constraints nullable="true" />
            </column>
            <column name="state_registration" type="varchar(255)">
                <constraints nullable="true" />
            </column>
            <column name="origin" type="varchar(255)">
                <constraints nullable="true" />
            </column>
            <column name="type" type="varchar(255)">
                <constraints nullable="true" />
            </column>
            <column name="erp_code" type="varchar(255)">
                <constraints nullable="true" />
            </column>
            <column name="crop" type="varchar(255)">
                <constraints nullable="true" />
            </column>
            <column name="revenue_model" type="varchar(255)">
                <constraints nullable="true" />
            </column>
            <column name="month" type="integer">
                <constraints nullable="true" />
            </column>
            <column name="operational_year" type="integer">
                <constraints nullable="true" />
            </column>
            <column name="percentage" type="varchar(255)">
                <constraints nullable="true" />
            </column>
            <column name="value" type="double">
                <constraints nullable="true" />
            </column>
            <column name="creation_date" type="varchar(255)">
                <constraints nullable="true" />
            </column>
            <column name="update_date" type="varchar(255)">
                <constraints nullable="true" />
            </column>
            <column name="status" type="varchar(255)">
                <constraints nullable="true" />
            </column>
            <column name="vendor" type="varchar(255)">
                <constraints nullable="true" />
            </column>
            <column name="po_number" type="varchar(255)">
                <constraints nullable="true" />
            </column>
            <!-- jhipster-needle-liquibase-add-column - JHipster will add columns here -->
        </createTable>
    </changeSet>

    <!-- jhipster-needle-liquibase-add-changeset - JHipster will add changesets here -->

    <!--
        Load sample data generated with Faker.js
        - This data can be easily edited using a CSV editor (or even MS Excel) and
          is located in the 'src/main/resources/config/liquibase/fake-data' directory
        - By default this data is applied when running with the JHipster 'dev' profile.
          This can be customized by adding or removing 'faker' in the 'spring.liquibase.contexts'
          Spring Boot configuration key.
    -->
    <changeSet id="20231130182724-1-data" author="jhipster" context="faker">
        <loadData
                  file="config/liquibase/fake-data/fee_list.csv"
                  separator=";"
                  tableName="fee_list"
                  usePreparedStatements="true">
            <column name="id" type="numeric"/>
            <column name="document_type" type="string"/>
            <column name="document_number" type="string"/>
            <column name="state_registration" type="string"/>
            <column name="origin" type="string"/>
            <column name="type" type="string"/>
            <column name="erp_code" type="string"/>
            <column name="crop" type="string"/>
            <column name="revenue_model" type="string"/>
            <column name="month" type="numeric"/>
            <column name="operational_year" type="numeric"/>
            <column name="percentage" type="string"/>
            <column name="value" type="numeric"/>
            <column name="creation_date" type="string"/>
            <column name="update_date" type="string"/>
            <column name="status" type="string"/>
            <column name="vendor" type="string"/>
            <column name="po_number" type="string"/>
            <!-- jhipster-needle-liquibase-add-loadcolumn - JHipster (and/or extensions) can add load columns here -->
        </loadData>
    </changeSet>
</databaseChangeLog>
